ID, mopromoter, promoter
P1,TTGACAATTAATCATCCGGCTCGTATAAT,TTGACAATTAATCATCCGGCTCGTATAAT
P101606,TTGACAATTAATCATCCGGCTCGTATAAT,TTGGCAGTTATTCACTGGTATCGTATAAT
P21275,TTGACAATTAATCATCCGGCTCGTATAAT,ATGGTAATAGATGATCCGGATGGTATAAT
P98374,TTGACAATTAATCATCCGGCTCGTATAAT,TTGAGTAGTAATTACCCGACTGATATAAT
P38588,TTGACAATTAATCATCCGGCTCGTATAAT,GAGACGCTCAAACCTCCGGCCCGTATAAT
P32602,TTGACAATTAATCATCCGGCTCGTATAAT,CTGACAAAGAAACAGCCTGGTAGTATAAT
P23458,TTGACAATTAATCATCCGGCTCGTATAAT,ATGTCAATTCATCTGCTGTTTCGTATAAT
P45362,TTGACAATTAATCATCCGGCTCGTATAAT,GCGGCAGTTTATCACCTGGCTGGTATAAT
P51166,TTGACAATTAATCATCCGGCTCGTATAAT,GTGACAGGCAATAGTCCGGCACTTATAAT
P88924,TTGACAATTAATCATCCGGCTCGTATAAT,TGGGCAAGTATTCACTCGATTCGTATAAT
P101607,TTGACAATTAATCATCCGGCTCGTATAAT,TTGGCAGTTATTCACTGGTATCGTATACT
P101605,TTGACAATTAATCATCCGGCTCGTATAAT,TTGGCAGTTATTCACTGGTATCGTAAAAT
P64443,TTGACAATTAATCATCCGGCTCGTATAAT,TAGATTCCCAATCGTCCGGGGCGTATAAT
